mu,sigma
1.0,1.0
-0.014368503257771373,0.037265954774676036
8.108757061906538e-05,0.0002189514407987863
-0.0022458064173460955,0.004914167818992662
0.0008158746385974226,0.0015500537473746463
0.0004329179673968385,0.001685835570151795
-2.2044178725844838e-05,0.00032994342931772045
-3.429747272128791e-05,0.0002925074511873799
-0.0004077569932056385,0.000479290962133998
0.0002801556682926323,0.0006361253299930314
