mu,sigma
1.0,1.0
-0.014556818583576847,0.06756933252517115
0.0017970879273913848,0.021280313887602795
-0.00027610322785506753,0.0011741707590330291
0.00028804161814915144,0.0009169537698165839
-0.0007456967456281995,0.001024517508955206
0.00013194935651119857,0.0010463239193845408
5.9051557932091635e-05,0.0006460928322716116
-5.3181214829210056e-05,0.0003923477125923679
3.12702330010938e-06,0.0002051544566246881
