mu,sigma
1.0,1.0
0.019128963961462356,0.14484523703881777
-0.02204869961592984,0.04395950928749115
-0.017213273050510253,0.03323032309437109
-0.00865301648920858,0.019509565437358413
-0.011977765831216947,0.021195607485015106
0.005626727352777692,0.016716681838853595
-0.0044131680791658825,0.012637644324050254
-0.0034547072137835963,0.009837371320416758
0.004849675136771473,0.007815561608039104
