mu,sigma
1.0,1.0
0.0018523675780743134,0.01402619720909774
-0.0020408893962051123,0.004069015312921325
-0.0014817419840366017,0.0028605114627268005
-0.0004996893261320031,0.001126626953580848
-0.0016656290009394877,0.002947462741971565
2.1793910001192387e-05,6.47484473074156e-05
-3.640386037397752e-05,0.00010424688821633625
-0.00013072475442652516,0.0003722422394966504
9.882755865803789e-05,0.00015926693056356078
