mu,sigma
1.0,1.0
0.01186442475908622,0.0022705867606002883
-0.0015624540793963862,0.0016940314036590683
-0.00022199530409171842,0.0010043344777203563
-0.0005522224330806297,0.0005075538438923738
-0.0017708586242470084,0.0010804554851032864
3.0320308662111293e-05,2.025754148680408e-05
-7.436233170621446e-05,4.2050459411759095e-05
8.630888129215413e-06,0.00019630566422680946
2.702891237196043e-05,5.578612649375294e-05
