mu,sigma
1.0,1.0
-0.015023966269385828,0.03238379453611271
8.0331850409309e-05,0.00020449211203765047
-0.0023937549252220493,0.004503432215692205
0.000813632756927142,0.0013645550201939177
0.00044173404128502823,0.0015566742280483823
-5.896430873465656e-06,0.0002985362447007289
-3.349452359468679e-05,0.0002750371522965923
-0.00039562929562704806,0.00043911570501521587
0.0002945809952074339,0.0005668019141624444
