mu,sigma
1.0,1.0
-0.041211285454442505,0.1912931067096338
0.0076405228865317806,0.09047566499811
-0.024110355271972157,0.10253293440345992
0.01907376432884876,0.06071955927172489
-0.041023757958391985,0.056362802383032054
0.006071215718917019,0.04814315427076592
0.0033033580871869588,0.03614258551844407
-0.0032441892160599375,0.023934207261449483
0.00036083408302481357,0.023673223103920702
