mu,sigma
1.0,1.0
-0.03401403668510013,0.08821834327980822
0.012566502874160161,0.03393188239693635
-0.013275505805160506,0.02904883649128774
0.01221360003459422,0.02320422232403689
0.004472853385578815,0.017417838725484445
-0.0013573961737502326,0.02031665384679419
-0.001357891289043345,0.011580833467680957
-0.0052529676954451475,0.006174510757045797
0.004212690479749091,0.00956539318986652
