mu,sigma
1.0,1.0
-0.016047974623115392,0.06027789098713462
0.0022839623882484218,0.018189953114384164
-0.00029851927018402876,0.0010328916624347106
0.0002588013739997093,0.0007722628445199353
-0.0007489070167054924,0.00090027024362137
0.0001372272552657986,0.0009586393781065581
5.5004656781549655e-05,0.0005730816326160571
-5.157119443543358e-05,0.0003489725690531748
5.720075152554556e-06,0.00017933632956447753
